,Supplier_Lead_Time,Inventory_Levels,Order_Frequency,Delivery_Performance,Cost_Per_Unit
Supplier_Lead_Time,1.0,-0.011044310164867514,0.01167987682153366,-0.08572063963542619,0.0932527482354811
Inventory_Levels,-0.011044310164867514,1.0,-0.03663973897446735,0.05261378436521656,-0.09710513350289499
Order_Frequency,0.01167987682153366,-0.03663973897446735,1.0,0.01152678273878861,0.13097295734793224
Delivery_Performance,-0.08572063963542619,0.05261378436521656,0.01152678273878861,1.0,-0.09942756923052987
Cost_Per_Unit,0.0932527482354811,-0.09710513350289499,0.13097295734793224,-0.09942756923052987,1.0
